No,X1 transaction date,X2 house age,X3 distance to the nearest MRT station,X4 number of convenience stores,X5 latitude,X6 longitude,Y house price of unit area
0.0,0.27272729256219463,0.7305936073059361,0.00951267162646579,1.0,0.6169413475521424,0.7193228380417622,0.27570518653321197
0.002421307506053269,0.27272729256219463,0.44520547945205485,0.04380939087238875,0.9,0.5849491032477658,0.7114513694198195,0.3148316651501365
0.004842615012106538,1.0,0.30365296803652975,0.0833150513098478,0.5,0.6712312166747552,0.7588958378260031,0.3612374886260236
0.007263922518159807,0.909090938843292,0.30365296803652975,0.0833150513098478,0.5,0.6712312166747552,0.7588958378260031,0.42948134667879884
0.009685230024213076,0.1818181223143256,0.11415525114155252,0.05679908927803007,0.5,0.5731943771207284,0.7431529005821176,0.32302092811646954
0.012106537530266345,0.0,0.16210045662100458,0.3328333476285393,0.30000000000000004,0.3754241396025577,0.4206383437567638,0.2229299363057325
0.014527845036319612,0.0,0.7876712328767124,0.09282658134109707,0.7000000000000001,0.5727096461464498,0.6781324131982274,0.29754322111010006
0.01694915254237288,0.8181818776861292,0.46347031963470325,0.040871531160840725,0.6000000000000001,0.585918565196323,0.7413198188482966,0.35577797998180166
0.01937046004842615,0.909090938843292,0.723744292237443,0.8490274357443697,0.1,0.22879301987399003,0.11915031270200416,0.1019108280254777
0.02179176755447942,0.8181818776861292,0.408675799086758,0.2722189728867981,0.30000000000000004,0.42704798836649616,0.445654518007359,0.13193812556869883
0.024213075060532687,0.4545454148760655,0.7945205479452055,0.05906449062572128,0.1,0.5019389238972849,0.6490187621307086,0.3075523202911738
0.026634382566585957,0.7272727074382601,0.14383561643835618,0.010375402047250855,0.9,0.5121182743577606,0.7501617425057248,0.45950864422202004
0.029055690072639227,0.27272729256219463,0.29680365296803657,0.07252508932379287,0.5,0.4008725157538038,0.6883761052404225,0.2884440400363967
0.031476997578692496,0.0,0.4657534246575343,0.3784066639856608,0.4,0.35155113911781655,0.39821004960094797,0.14740673339399452
0.03389830508474577,0.909090938843292,0.30136986301369867,0.17656907188754398,0.4,0.7209161415414655,0.6526849255983507,0.24294813466787984
0.036319612590799036,1.0,0.8150684931506851,0.08597936129498701,0.2,0.6099127484246196,0.7834806987275442,0.3903548680618744
0.0387409200968523,0.6363636462810973,0.0,0.04170611770172145,0.6000000000000001,0.5498061076103227,0.7661203364243647,0.5686988171064603
0.041162227602905575,0.0909090611571628,0.4041095890410959,0.05065537341690908,0.1,0.5255695588948583,0.6217381927970109,0.2711555959963603
0.04358353510895884,0.8181818776861292,0.3858447488584475,0.05332911935166995,0.8,0.42935046049444736,0.7653655380634063,0.3157415832575068
0.046004842615012115,0.0,0.03424657534246576,0.0,0.7000000000000001,0.43201648085317856,0.7277334483501363,0.364877161055505
0.04842615012106538,0.8181818776861292,0.10273972602739727,0.34843313798091996,0.30000000000000004,0.3765147842947272,0.4095320250162331,0.19745222929936307
0.05084745762711865,0.8181818776861292,0.2397260273972603,0.03956752932943736,0.7000000000000001,0.5236306349976303,0.7750700884191701,0.40036396724294815
0.05326876513317192,0.27272729256219463,0.3356164383561644,0.20677973413441597,0.1,0.24200193892392008,0.8075264179424266,0.15468607825295722
0.05569007263922519,0.4545454148760655,0.2305936073059361,0.03956752932943736,0.7000000000000001,0.5236306349976303,0.7750700884191701,0.36669699727024563
0.05811138014527845,0.36363635371935743,0.9041095890410961,0.07074098328188566,0.4,0.5024236548715635,0.7043346991588351,0.283894449499545
0.060532687651331726,0.4545454148760655,0.6689497716894978,0.2265378392036717,0.2,0.5253271934076906,0.47153331895606243,0.17652411282984531
0.06295399515738499,0.0,0.07077625570776257,0.05576175357044268,0.5,0.5911294231701731,0.7588958378260031,0.44222020018198366
0.06537530266343826,0.6363636462810973,0.23744292237442927,0.03914622191321533,0.5,0.28914202617551155,0.7073538926028959,0.23657870791628755
0.06779661016949153,0.909090938843292,0.4383561643835617,0.08261795119558556,0.4,0.5104217159477002,0.6948458054775983,0.35850773430391264
0.0702179176755448,0.4545454148760655,0.16210045662100458,0.06618482727268374,0.5,0.5278720310228096,0.7915678240242414,0.4504094631483166
0.07263922518159807,0.909090938843292,0.591324200913242,0.6955234072992571,0.0,0.19619486185172264,0.24088850549924246,0.13193812556869883
0.07506053268765134,0.0909090611571628,0.6757990867579909,0.11540020362098659,0.7000000000000001,0.6148812409113589,0.6529005822728777,0.1583257506824386
0.0774818401937046,0.0909090611571628,0.8652968036529681,0.07195914890927167,0.1,0.5019389238972849,0.6575372007762326,0.24203821656050956
0.07990314769975787,0.6363636462810973,0.37671232876712335,0.04644840941878795,0.6000000000000001,0.5615608337373033,0.747034720724514,0.37943585077343034
0.08232445520581115,0.0909090611571628,0.35159817351598177,0.02815071091310701,0.7000000000000001,0.6316044595250219,0.7429372439075905,0.4322111010009099
0.08474576271186442,0.909090938843292,0.31735159817351605,0.6274187448103051,0.0,1.0,0.4812378693118262,0.1792538671519563
0.08716707021791768,0.27272729256219463,0.3356164383561644,0.29570505149510184,0.2,0.38523994183231025,0.44263532456307075,0.13921747042766147
0.08958837772397095,0.5454545851239345,0.27397260273972607,0.20677973413441597,0.1,0.24200193892392008,0.8075264179424266,0.16105550500454957
0.09200968523002422,0.0,0.07077625570776257,0.08578649667222829,0.6000000000000001,0.48400387784784016,0.7945870174680749,0.364877161055505
0.0944309927360775,0.5454545851239345,0.36986301369863017,0.04113794978433874,0.5,0.6054289869123295,0.7542592193228757,0.35122838944494994
0.09685230024213076,0.36363635371935743,0.31050228310502287,0.6278204687638697,0.0,0.11488124091130203,0.32650420530512747,0.07552320291173793
0.09927360774818403,0.909090938843292,0.3835616438356165,0.6254339469480842,0.0,0.13208919049930046,0.3222989001510541,0.09645131938125569
0.1016949152542373,0.8181818776861292,0.8242009132420093,0.07673729723490046,0.5,0.3754241396025577,0.690640500323525,0.24658780709736128
0.10411622276029056,0.0909090611571628,0.7853881278538813,0.07570481872105275,0.6000000000000001,0.6714735821619797,0.7491912874702393,0.2411282984531392
0.10653753026634383,1.0,0.06164383561643837,0.07890516798855142,0.4,0.51357246728071,0.7992236359714298,0.42129208371246585
0.10895883777239711,0.4545454148760655,0.8356164383561645,0.07199729489577496,0.8,0.46146388754243617,0.7700021565665338,0.27934485896269334
0.11138014527845037,0.8181818776861292,0.49543378995433796,0.06815222276879919,0.9,0.4632816286961088,0.7661203364243647,0.3130118289353958
0.11380145278450364,1.0,0.8196347031963471,0.09549741914712208,0.30000000000000004,0.5278720310228096,0.6860038818199428,0.4904458598726114
0.1162227602905569,0.8181818776861292,0.5525114155251142,0.7088356759630302,0.0,0.1789869122637242,0.23991805046352965,0.05277525022747953
0.11864406779661017,0.0,0.6712328767123288,0.6940800163825411,0.1,0.20819195346587094,0.2360362303211332,0.05095541401273884
0.12106537530266345,0.8181818776861292,0.49543378995433796,0.07566794117367895,0.4,0.5081192438196922,0.6996980806554802,0.3330300272975432
0.12348668280871672,0.4545454148760655,0.7146118721461188,0.2683867398388157,0.1,0.2659961221522167,0.8549708863488377,0.1191992720655141
0.12590799031476999,1.0,0.7328767123287673,0.2189134372216743,0.30000000000000004,0.5104217159477002,0.4741211990510692,0.17652411282984531
0.12832929782082325,0.4545454148760655,0.30365296803652975,0.07252508932379287,0.5,0.4008725157538038,0.6883761052404225,0.28480436760691535
0.13075060532687652,0.4545454148760655,0.36757990867579915,0.04113794978433874,0.5,0.6054289869123295,0.7542592193228757,0.4012738853503185
0.13317191283292978,0.1818181223143256,0.723744292237443,0.17591845542674583,0.0,0.21340281143966422,0.6098770756955219,0.05550500454959052
0.13559322033898305,0.8181818776861292,0.767123287671233,0.053810693095311626,0.8,0.4904265632574152,0.7230968298467815,0.31210191082802546
0.13801452784503632,0.27272729256219463,0.07990867579908677,0.005118834060157204,0.7000000000000001,0.30744062045567944,0.6855725684708887,0.4176524112829845
0.1404358353510896,0.909090938843292,0.6917808219178083,0.6940800163825411,0.1,0.20819195346587094,0.2360362303211332,0.1364877161055505
0.14285714285714288,0.4545454148760655,0.30365296803652975,0.04836625844500476,0.5,0.31131846825013554,0.6561354323914657,0.31665150136487713
0.14527845036319614,0.8181818776861292,0.25114155251141557,0.2951169288645848,0.2,0.38269510421719133,0.44403709294783766,0.12465878070973611
0.1476997578692494,0.909090938843292,0.12100456621004567,0.0365492784208668,0.6000000000000001,0.5305380513815408,0.7723743799870135,0.5059144676979072
0.15012106537530268,0.27272729256219463,0.3926940639269407,0.3329643681093514,0.30000000000000004,0.37518177411539,0.4206383437567638,0.18289353958143767
0.15254237288135594,1.0,0.059360730593607317,0.07890516798855142,0.4,0.51357246728071,0.7992236359714298,0.4313011828935395
0.1549636803874092,0.7272727074382601,0.39954337899543385,0.15041407360067932,0.0,0.3754241396025577,0.8153978865643694,0.16105550500454957
0.15738498789346247,0.8181818776861292,0.9155251141552513,0.015524466724368066,0.8,0.5365971885603926,0.7522104809143002,0.3339399454049135
0.15980629539951574,0.36363635371935743,0.022831050228310504,0.02632810310298945,0.6000000000000001,0.4076587493941588,0.7263316799653694,0.3921747042766151
0.162227602905569,0.909090938843292,0.1940639269406393,0.012595795462123745,0.5,0.4201405719825857,0.7239594565451171,0.4476797088262056
0.16464891041162227,0.8181818776861292,0.6940639269406393,0.06819254985185436,0.6000000000000001,0.5764663111972936,0.6957084321759339,0.26023657870791633
0.16707021791767557,0.1818181223143256,0.2853881278538813,0.0833150513098478,0.5,0.6712312166747552,0.7588958378260031,0.3130118289353958
0.16949152542372883,1.0,0.15068493150684933,0.010375402047250855,0.9,0.5121182743577606,0.7501617425057248,0.4676979071883531
0.1719128329297821,0.4545454148760655,0.8105022831050229,0.09549741914712208,0.30000000000000004,0.5278720310228096,0.6860038818199428,0.30209281164695173
0.17433414043583537,1.0,0.7420091324200914,0.06205472759205444,0.8,0.5307804168687085,0.7073538926028959,0.26114649681528657
0.17675544794188863,0.5454545851239345,0.31506849315068497,0.6278204687638697,0.0,0.11488124091130203,0.32650420530512747,0.11282984531392175
0.1791767554479419,0.27272729256219463,0.15525114155251143,0.055095838496241535,1.0,0.6223945710131034,0.6910718136725791,0.4258416742493175
0.18159806295399517,0.909090938843292,0.28082191780821925,0.20677973413441597,0.1,0.24200193892392008,0.8075264179424266,0.19927206551410376
0.18401937046004843,1.0,0.8196347031963471,0.09173252165439064,0.30000000000000004,0.5472612699951469,0.6916109553590104,0.2656960873521383
0.1864406779661017,0.1818181223143256,0.46803652968036535,0.33439538401017027,0.30000000000000004,0.3774842462433412,0.41880526202294277,0.1637852593266606
0.18886198547215496,0.27272729256219463,0.8721461187214613,0.08183818597512967,0.2,0.5321134270480457,0.6499892171661941,0.20200181983621474
0.19128329297820826,0.36363635371935743,0.4109589041095891,0.21524084187876652,0.1,0.23933591856524572,0.8123786931203085,0.1719745222929936
0.19370460048426152,0.909090938843292,0.26940639269406397,0.07890516798855142,0.4,0.51357246728071,0.7992236359714298,0.29754322111010006
0.1961259079903148,0.36363635371935743,0.7031963470319635,0.054823294239874365,0.6000000000000001,0.39020843431899266,0.7128531378045864,0.2656960873521383
0.19854721549636806,0.4545454148760655,0.30136986301369867,0.01973070369030523,0.7000000000000001,0.42632089190504985,0.743907698943076,0.3685168334849864
0.20096852300242132,0.27272729256219463,0.5776255707762558,0.4151832002922187,0.30000000000000004,0.34524963645179696,0.3750269570841738,0.091901728844404
0.2033898305084746,0.4545454148760655,0.3447488584474886,0.05567174079856003,0.7000000000000001,0.42753271934077475,0.7667673064481733,0.32848043676069155
0.20581113801452786,0.0909090611571628,0.0,0.048817126680451364,0.9,0.4418322830829311,0.7612680612462555,0.3930846223839854
0.20823244552058112,0.1818181223143256,0.04109589041095891,0.2215770047058597,0.1,0.2318225884634444,0.8137804615053028,0.17652411282984531
0.2106537530266344,1.0,0.3858447488584475,0.6254339469480842,0.0,0.13208919049930046,0.3222989001510541,0.09736123748862603
0.21307506053268765,0.27272729256219463,0.2031963470319635,0.21394038239566376,0.0,0.6502666020359129,0.5828121630363512,0.367606915377616
0.21549636803874092,0.909090938843292,0.5251141552511416,0.6070814889970578,0.0,0.1909840038778725,0.3116238947595775,0.16105550500454957
0.21791767554479421,0.1818181223143256,0.0,0.038769619241922126,0.1,0.5178138633058893,0.6152684925598351,0.34394904458598724
0.22033898305084748,0.6363636462810973,0.2077625570776256,0.21325759089353274,0.0,0.6497818710616343,0.5830278197111056,0.3239308462238399
0.22276029055690075,0.27272729256219463,0.47031963470319643,0.3784066639856608,0.4,0.35155113911781655,0.39821004960094797,0.1292083712465878
0.225181598062954,0.27272729256219463,0.728310502283105,0.17370595727201538,0.0,0.20758603974798007,0.6171015742936561,0.07734303912647862
0.22760290556900728,0.27272729256219463,0.9337899543378996,0.022308450439243146,0.5,0.41480853126518014,0.7195384947162893,0.3039126478616924
0.23002421307506055,0.27272729256219463,0.18264840182648404,0.012595795462123745,0.5,0.4201405719825857,0.7239594565451171,0.4021838034576888
0.2324455205811138,0.8181818776861292,0.14611872146118723,0.010375402047250855,0.9,0.5121182743577606,0.7501617425057248,0.47224749772520475
0.23486682808716708,0.4545454148760655,0.6484018264840183,0.09189370623645239,0.30000000000000004,0.5500484730974904,0.6411472935085385,0.24567788898999093
0.23728813559322035,0.8181818776861292,0.3744292237442922,0.04113794978433874,0.5,0.6054289869123295,0.7542592193228757,0.3949044585987261
0.2397094430992736,0.8181818776861292,0.14611872146118723,0.010375402047250855,0.9,0.5121182743577606,0.7501617425057248,0.49681528662420377
0.24213075060532688,0.909090938843292,0.39954337899543385,0.14561785775184052,0.4,0.6865002423655255,0.653224067284782,0.27843494085532305
0.24455205811138017,0.1818181223143256,0.2899543378995434,0.022699810316993828,0.1,0.5046049442559593,0.6071813672631379,0.2302092811646952
0.24697336561743344,0.4545454148760655,0.025114155251141558,0.02632810310298945,0.6000000000000001,0.4076587493941588,0.7263316799653694,0.4258416742493175
0.2493946731234867,0.0909090611571628,0.0,0.02861840917017388,0.6000000000000001,0.29217159476490906,0.6999137373300073,0.3466787989080983
0.2518159806295399,0.0,0.7465753424657535,0.057089515432368766,0.6000000000000001,0.3866941347552597,0.7436920422687763,0.2083712465878071
0.2542372881355932,0.1818181223143256,0.0,0.04170611770172145,0.6000000000000001,0.5498061076103227,0.7661203364243647,0.5768880800727934
0.2566585956416465,0.4545454148760655,0.3926940639269407,0.02569908104493199,0.8,0.5453223460979757,0.7499460858311977,0.359417652411283
0.25907990314769974,0.7272727074382601,0.2785388127853881,0.20677973413441597,0.1,0.24200193892392008,0.8075264179424266,0.172884440400364
0.26150121065375304,0.8181818776861292,0.7168949771689498,0.0880355165926255,0.2,0.49115365971891833,0.669398317877949,0.2411282984531392
0.2639225181598063,1.0,0.09132420091324202,0.3285556140082557,0.30000000000000004,0.3746970431411114,0.4238731938753517,0.18926296633303002
0.26634382566585957,0.4545454148760655,0.18493150684931509,0.012595795462123745,0.5,0.4201405719825857,0.7239594565451171,0.40036396724294815
0.2687651331719128,1.0,0.7602739726027398,0.026797224486884506,0.7000000000000001,0.5445952496364725,0.7408885054992425,0.289353958143767
0.2711864406779661,0.8181818776861292,0.22602739726027402,0.3216025566386844,0.30000000000000004,0.3437954435288475,0.44306663791235223,0.14103730664240216
0.27360774818401934,0.7272727074382601,0.33789954337899547,0.05721553950051244,0.6000000000000001,0.3593068347067856,0.6964632305368923,0.0
0.27602905569007263,0.0,0.6986301369863015,0.018632977905139243,0.8,0.5996122152205885,0.7320465818415869,0.41583257506824384
0.27845036319612587,0.4545454148760655,0.47031963470319643,0.1105295056452162,0.2,0.5919777023752317,0.7964200992018959,0.35304822565969063
0.28087167070217917,0.36363635371935743,0.7054794520547946,0.9858092598952206,0.1,0.14154144449832984,0.05714901876217482,0.04185623293903548
0.28329297820823246,0.36363635371935743,0.31050228310502287,0.6456612198075445,0.0,0.08216190014542235,0.3267198619796545,0.04913557779799818
0.2857142857142857,0.909090938843292,0.5776255707762558,0.24136527387636497,0.30000000000000004,0.4138390693165661,0.4697002372222414,0.20928116469517744
0.288135593220339,0.909090938843292,0.37899543378995443,0.04113794978433874,0.5,0.6054289869123295,0.7542592193228757,0.47315741583257503
0.29055690072639223,0.5454545851239345,0.30365296803652975,0.07252508932379287,0.5,0.4008725157538038,0.6883761052404225,0.2156505914467698
0.2929782082324455,0.909090938843292,0.31050228310502287,0.07252508932379287,0.5,0.4008725157538038,0.6883761052404225,0.367606915377616
0.29539951573849876,0.6363636462810973,0.7191780821917809,0.060570251622559496,0.4,0.6049442559379941,0.7667673064481733,0.2265696087352138
0.29782082324455206,0.8181818776861292,0.0,0.025066640388732908,0.0,0.4729762481823059,0.6272374379987014,0.3448589626933576
0.3002421307506053,0.27272729256219463,0.22602739726027402,0.03956752932943736,0.7000000000000001,0.5236306349976303,0.7750700884191701,0.4531392174704277
0.3026634382566586,0.5454545851239345,0.025114155251141558,0.02632810310298945,0.6000000000000001,0.4076587493941588,0.7263316799653694,0.37306642402183804
0.30508474576271183,0.4545454148760655,0.8812785388127855,0.12085856016417787,0.4,0.5611972855065801,0.6603407375457664,0.5031847133757961
0.3075060532687651,0.6363636462810973,0.08675799086757992,0.05576175357044268,0.5,0.5911294231701731,0.7588958378260031,0.4313011828935395
0.3099273607748184,0.4545454148760655,0.9429223744292238,0.015717563378674856,0.6000000000000001,0.4201405719825857,0.7209402631010562,0.48316651501364877
0.31234866828087166,0.8181818776861292,0.8789954337899544,0.02992434459781118,0.7000000000000001,0.5912506059137286,0.7342031485873122,0.3039126478616924
0.31476997578692495,0.6363636462810973,0.6757990867579909,0.07922240152107757,0.8,0.5919777023752317,0.6793185249082399,0.27206551410373064
0.3171912832929782,0.909090938843292,0.09132420091324202,0.3285556140082557,0.30000000000000004,0.3746970431411114,0.4238731938753517,0.21019108280254778
0.3196125907990315,0.5454545851239345,0.6073059360730595,0.07105970181631946,0.5,0.5121182743577606,0.7019624757385827,0.27206551410373064
0.3220338983050847,0.1818181223143256,0.4109589041095891,0.054142374458897795,0.8,0.6608095007271118,0.725576881604411,0.29026387625113736
0.324455205811138,0.0,0.7625570776255708,0.025304704757056352,0.6000000000000001,0.41165777993217034,0.7394867371144755,0.3148316651501365
0.32687651331719125,0.27272729256219463,0.4315068493150685,0.15249920190428726,0.0,0.3817256422685773,0.8192797067067659,0.12010919017288445
0.32929782082324455,0.0909090611571628,0.26027397260273977,0.05679908927803007,0.5,0.5731943771207284,0.7431529005821176,0.35668789808917195
0.3317191283292978,0.909090938843292,0.31050228310502287,0.04573929007033551,0.6000000000000001,0.3984488608822403,0.7466034073754599,0.36214740673339396
0.3341404358353511,0.5454545851239345,0.22831050228310504,0.14217092082381919,0.0,0.561803199224471,0.5448565883114043,0.32666060054595086
0.3365617433414044,0.0,0.2945205479452055,0.07252508932379287,0.5,0.4008725157538038,0.6883761052404225,0.3175614194722475
0.3389830508474576,0.6363636462810973,0.36986301369863017,0.04113794978433874,0.5,0.6054289869123295,0.7542592193228757,0.3985441310282074
0.3414043583535109,0.7272727074382601,0.11643835616438357,0.23766901131555368,0.30000000000000004,0.4854580707707328,0.4608583135648132,0.1938125568698817
0.34382566585956414,0.8181818776861292,0.45205479452054803,0.0954770003708916,0.5,0.4617062530296039,0.7864998921716051,0.27206551410373064
0.34624697336561744,0.909090938843292,0.31050228310502287,0.07252508932379287,0.5,0.4008725157538038,0.6883761052404225,0.29572338489535943
0.3486682808716707,0.4545454148760655,0.271689497716895,0.20677973413441597,0.1,0.24200193892392008,0.8075264179424266,0.18926296633303002
0.35108958837772397,0.27272729256219463,0.04794520547945206,0.06618482727268374,0.5,0.5278720310228096,0.7915678240242414,0.3448589626933576
0.3535108958837772,0.0909090611571628,0.0,0.025066640388732908,0.0,0.4729762481823059,0.6272374379987014,0.40582347588717016
0.3559322033898305,0.0909090611571628,0.07305936073059362,0.07216169698196999,0.8,0.4617062530296039,0.7700021565665338,0.3239308462238399
0.35835351089588374,0.909090938843292,0.3744292237442922,0.5811937291784944,0.0,0.010421715947643406,0.41513909855507336,0.34121929026387626
0.36077481840193704,0.0,0.7968036529680366,0.02414225763874772,0.8,0.5019389238972849,0.7431529005821176,0.2920837124658781
0.36319612590799033,0.6363636462810973,0.817351598173516,0.022792963249160414,0.7000000000000001,0.4255937954435467,0.745740780676897,0.3721565059144677
0.36561743341404357,0.909090938843292,0.11187214611872148,0.0563665360661114,0.9,0.5951284537081847,0.6938753504421129,0.33757961783439494
0.36803874092009686,0.7272727074382601,0.27397260273972607,0.20677973413441597,0.1,0.24200193892392008,0.8075264179424266,0.1938125568698817
0.3704600484261501,0.6363636462810973,0.14840182648401828,0.054571973135770994,0.6000000000000001,0.2679350460495016,0.6857882251456431,0.3030027297543221
0.3728813559322034,0.909090938843292,0.3858447488584475,0.6254339469480842,0.0,0.13208919049930046,0.3222989001510541,0.1191992720655141
0.37530266343825663,0.5454545851239345,0.31506849315068497,0.6278204687638697,0.0,0.11488124091130203,0.32650420530512747,0.07279344858962693
0.37772397094430993,1.0,0.7009132420091325,0.1920211354876512,0.0,0.2031022782356331,0.6039465171445499,0.09736123748862603
0.38014527845036317,0.6363636462810973,0.36757990867579915,0.12259751286682999,0.4,0.5670140571983211,0.6589389691609995,0.25477707006369427
0.38256658595641646,0.36363635371935743,0.26484018264840187,0.05679908927803007,0.5,0.5731943771207284,0.7431529005821176,0.289353958143767
0.38498789346246975,0.0,0.3538812785388128,0.12259751286682999,0.4,0.5670140571983211,0.6589389691609995,0.2711555959963603
0.387409200968523,0.27272729256219463,0.07990867579908677,0.0040649158312675,0.8,0.31858943286476915,0.6904248436487705,0.45677888989990895
0.3898305084745763,0.8181818776861292,0.4383561643835617,0.09173252165439064,0.30000000000000004,0.5472612699951469,0.6916109553590104,0.29117379435850776
0.3922518159806295,0.0909090611571628,0.36529680365296807,0.6254339469480842,0.0,0.13208919049930046,0.3222989001510541,0.03639672429481347
0.3946731234866828,0.909090938843292,0.1940639269406393,0.012595795462123745,0.5,0.4201405719825857,0.7239594565451171,0.4358507734303912
0.39709443099273606,0.1818181223143256,0.0,0.025066640388732908,0.0,0.4729762481823059,0.6272374379987014,0.4331210191082802
0.39951573849878935,0.27272729256219463,0.3127853881278539,0.18766420176562523,0.1,0.543746970431414,0.8667241751131769,0.20928116469517744
0.4019370460048426,0.8181818776861292,0.0,0.04170611770172145,0.6000000000000001,0.5498061076103227,0.7661203364243647,0.6005459508644221
0.4043583535108959,0.8181818776861292,0.6438356164383562,0.04744311319660929,0.8,0.5090887057683631,0.7179210696569953,0.3257506824385805
0.4067796610169491,0.4545454148760655,0.6301369863013699,0.0760644830893366,0.5,0.3746970431411114,0.7512400258788148,0.2711555959963603
0.4092009685230024,0.8181818776861292,0.19178082191780824,0.2999773710459303,0.1,0.27399418322835345,0.8764287254689407,0.14467697907188354
0.4116222760290557,0.7272727074382601,0.5479452054794521,0.6967604448258865,0.0,0.18589432864763467,0.24530946732784287,0.061874431301182906
0.41404358353510895,0.4545454148760655,0.08219178082191782,0.05576175357044268,0.5,0.5911294231701731,0.7588958378260031,0.4658780709736123
0.41646489104116224,1.0,0.15068493150684933,0.010375402047250855,0.9,0.5121182743577606,0.7501617425057248,0.45950864422202004
0.4188861985472155,0.4545454148760655,0.9429223744292238,0.05854896293221151,0.4,0.6203344643723199,0.7663359930988918,0.2502274795268426
0.4213075060532688,0.8181818776861292,0.09817351598173517,0.0632140036125394,0.7000000000000001,0.586888027144937,0.6927970670690229,0.3421292083712466
0.423728813559322,0.4545454148760655,0.6894977168949772,0.06942254908819213,0.30000000000000004,0.46025206010671127,0.690640500323525,0.2629663330300273
0.4261501210653753,0.1818181223143256,0.31735159817351605,0.7038903102350899,0.0,0.2011633543383482,0.23226223851611394,0.10555050045495905
0.42857142857142855,0.4545454148760655,0.7534246575342467,0.024393284836223536,0.9,0.544110518662194,0.744985982316166,0.3130118289353958
0.43099273607748184,0.909090938843292,0.2990867579908676,0.17341313345834658,0.4,0.723339796413029,0.6580763424626639,0.264786169244768
0.4334140435835351,0.4545454148760655,0.31963470319634707,0.06426785996634961,0.1,0.5193892389723942,0.5797929695922903,0.3184713375796178
0.4358353510895884,0.0,0.6141552511415526,0.6846302995556987,0.0,0.20492001938924886,0.24455466896711187,0.07188353048225658
0.43825665859564167,0.5454545851239345,0.26484018264840187,0.027613465066697564,0.8,0.6400872515754372,0.7297821867587118,0.43949044585987257
0.4406779661016949,0.909090938843292,0.3082191780821918,0.3285556140082557,0.30000000000000004,0.3746970431411114,0.4238731938753517,0.14558689717925388
0.4430992736077482,0.909090938843292,0.3881278538812786,0.6278204687638697,0.0,0.11488124091130203,0.32650420530512747,0.1019108280254777
0.44552058111380144,0.0909090611571628,0.3219178082191781,0.400963224212382,0.0,0.2772661173049187,0.9511537632088221,0.1292083712465878
0.44794188861985473,0.0909090611571628,0.7168949771689498,0.22026030301439178,0.30000000000000004,0.49418322830831585,0.4719646323053439,0.12647861692447682
0.45036319612590797,0.5454545851239345,0.4771689497716895,0.33439538401017027,0.30000000000000004,0.3774842462433412,0.41880526202294277,0.1646951774340309
0.45278450363196127,0.36363635371935743,0.2031963470319635,0.4725389239728153,0.0,0.27350945225407486,1.0,0.13102820746132848
0.4552058111380145,0.27272729256219463,0.7945205479452055,0.02577968880473273,0.8,0.5453223460979757,0.7503773991804792,0.3339399454049135
0.4576271186440678,0.27272729256219463,0.37214611872146125,0.6254339469480842,0.0,0.13208919049930046,0.3222989001510541,0.11737943585077341
0.46004842615012104,0.909090938843292,0.8059360730593608,0.09175929809503831,0.8,0.5741638390693424,0.6781324131982274,0.3157415832575068
0.46246973365617433,0.5454545851239345,0.30136986301369867,0.11240962634171624,0.2,0.5046049442559593,0.8192797067067659,0.2747952684258416
0.4648910411622276,0.5454545851239345,1.0,0.005291341781764936,0.7000000000000001,0.42935046049444736,0.7241751132196441,0.31938125568698816
0.46731234866828086,0.8181818776861292,0.2214611872146119,0.061580578857951124,0.5,0.6106398448861228,0.7681690748327128,0.37943585077343034
0.46973365617433416,0.909090938843292,0.34703196347031967,0.5798487196381615,0.0,0.018904507998115605,0.4102868233769641,0.19745222929936307
0.4721549636803874,0.7272727074382601,0.34703196347031967,0.06770970766908323,0.5,0.2687833252545033,0.7156566745741202,0.24567788898999093
0.4745762711864407,0.36363635371935743,0.5205479452054795,0.10588742061937773,0.2,0.5929471643238458,0.7936165624323621,0.26387625113739765
0.47699757869249393,0.6363636462810973,0.7853881278538813,0.015986317786423485,0.8,0.4452253999031086,0.7263316799653694,0.3694267515923567
0.4794188861985472,0.4545454148760655,0.7762557077625571,0.020762547984588205,0.7000000000000001,0.41456616577806926,0.7378693120551816,0.28662420382165604
0.48184019370460046,0.8181818776861292,0.4155251141552512,0.06624640844554246,0.8,0.4529810954920208,0.7695708432174797,0.21838034576888082
0.48426150121065376,0.8181818776861292,0.3972602739726028,0.15041407360067932,0.0,0.3754241396025577,0.8153978865643694,0.16287534121929026
0.486682808716707,0.8181818776861292,0.2990867579908676,0.0833150513098478,0.5,0.6712312166747552,0.7588958378260031,0.3484986351228389
0.4891041162227603,0.27272729256219463,0.8744292237442922,0.09580051422398558,0.30000000000000004,0.527387300048531,0.6857882251456431,0.21747042766151048
0.4915254237288136,0.0,0.35616438356164387,0.04113794978433874,0.5,0.6054289869123295,0.7542592193228757,0.3503184713375796
0.4939467312348668,0.36363635371935743,0.4109589041095891,0.21524084187876652,0.1,0.23933591856524572,0.8123786931203085,0.172884440400364
0.4963680387409201,0.4545454148760655,0.29223744292237447,0.22063712224846319,0.30000000000000004,0.4946679592826513,0.47174897563081686,0.12556869881710642
0.49878934624697335,0.6363636462810973,0.5068493150684932,0.055095838496241535,1.0,0.6223945710131034,0.6910718136725791,0.33121019108280253
0.5012106537530266,0.4545454148760655,0.8789954337899544,0.09926012007453175,0.30000000000000004,0.5206010664081759,0.6835238300623132,0.24203821656050956
0.5036319612590799,0.0909090611571628,0.2625570776255708,0.20677973413441597,0.1,0.24200193892392008,0.8075264179424266,0.16924476797088261
0.5060532687651331,0.1818181223143256,0.7945205479452055,0.023550670003779455,0.8,0.5016965584101172,0.7459564373516514,0.3030027297543221
0.5084745762711864,0.909090938843292,0.11872146118721463,0.05679908927803007,0.5,0.5731943771207284,0.7431529005821176,0.40582347588717016
0.5108958837772397,0.4545454148760655,0.0,0.038769619241922126,0.1,0.5178138633058893,0.6152684925598351,0.32666060054595086
0.513317191283293,0.7272727074382601,0.40182648401826493,0.2756971257924203,0.2,0.6622636936500612,0.5108906620660036,0.2138307552320291
0.5157384987893463,0.4545454148760655,0.14155251141552513,0.010375402047250855,0.9,0.5121182743577606,0.7501617425057248,0.45859872611464964
0.5181598062953995,1.0,0.41324200913242015,0.2722189728867981,0.30000000000000004,0.42704798836649616,0.445654518007359,0.12101910828025476
0.5205811138014528,0.7272727074382601,0.4383561643835617,0.05573862775948469,0.8,0.4838826951042847,0.7681690748327128,0.3685168334849864
0.5230024213075061,0.6363636462810973,0.863013698630137,0.0877924403428637,0.1,0.478187106156156,0.6691826612031946,0.2920837124658781
0.5254237288135594,0.27272729256219463,0.6392694063926941,0.05402334227473607,0.6000000000000001,0.5611972855065801,0.7295665300839573,0.30209281164695173
0.5278450363196125,0.8181818776861292,0.31050228310502287,0.07252508932379287,0.5,0.4008725157538038,0.6883761052404225,0.32939035486806184
0.5302663438256658,0.0909090611571628,0.6689497716894978,0.07833296272223225,0.8,0.5931895298110135,0.6795341815829943,0.2966333030027298
0.5326876513317191,0.7272727074382601,0.8493150684931509,0.02523378044719521,0.9,0.5448376151236403,0.7453094673278429,0.6433121019108279
0.5351089588377724,0.7272727074382601,0.20547945205479454,0.21325759089353274,0.0,0.6497818710616343,0.5830278197111056,0.28116469517743403
0.5375302663438256,1.0,0.6986301369863015,0.06307059264706008,1.0,0.5957343674261324,0.6890230752640036,0.3721565059144677
0.5399515738498789,0.6363636462810973,0.2077625570776256,0.21325759089353274,0.0,0.6497818710616343,0.5830278197111056,0.3157415832575068
0.5423728813559322,0.7272727074382601,0.7876712328767124,0.04664747701826517,0.6000000000000001,0.558288899660738,0.7350657752856478,0.34940855323020925
0.5447941888619855,0.6363636462810973,0.025114155251141558,0.02632810310298945,0.6000000000000001,0.4076587493941588,0.7263316799653694,0.37670609645131936
0.5472154963680388,0.36363635371935743,0.37671232876712335,0.6278204687638697,0.0,0.11488124091130203,0.32650420530512747,0.047315741583257506
0.549636803874092,0.27272729256219463,0.7397260273972603,0.03738462293147124,0.8,0.5879786718371633,0.7152253612248387,0.2966333030027298
0.5520581113801453,0.8181818776861292,0.271689497716895,0.4869485471712775,0.0,0.8371303926321048,0.47692473582037564,0.3548680618744313
0.5544794188861986,1.0,0.7077625570776256,0.17526567333816565,0.0,0.20395055744063484,0.6191503127022315,0.10373066424021839
0.5569007263922519,0.909090938843292,0.09132420091324202,0.3285556140082557,0.30000000000000004,0.3746970431411114,0.4238731938753517,0.23475887170154686
0.559322033898305,0.1818181223143256,0.36986301369863017,0.6266944970049182,0.0,0.12457586039749913,0.3239163252101207,0.06460418562329388
0.5617433414043583,0.27272729256219463,0.6187214611872147,0.6789834251140826,0.1,0.22115850702863327,0.24088850549924246,0.08917197452229299
0.5641646489104116,0.7272727074382601,0.9063926940639271,0.04795087556764353,0.9,0.5827678138633701,0.7094026310114714,0.22565969062784347
0.5665859564164649,0.6363636462810973,0.18264840182648404,0.33926557151653486,0.4,0.33931168201655737,0.4321759758463486,0.14831665150136486
0.5690072639225182,0.0909090611571628,0.2945205479452055,0.03515249490777377,0.7000000000000001,0.41190014541933806,0.7487599741211852,0.2884440400363967
0.5714285714285714,0.5454545851239345,0.08219178082191782,0.05421124142236602,1.0,0.6198497333979844,0.6913952986844834,0.4940855323020928
0.5738498789346247,0.5454545851239345,0.29680365296803657,0.10974627542030907,0.0,0.540596219098461,0.5569333620876478,0.2857142857142857
0.576271186440678,0.4545454148760655,0.29223744292237447,0.10974627542030907,0.0,0.540596219098461,0.5569333620876478,0.3002729754322111
0.5786924939467313,0.909090938843292,0.41324200913242015,0.12596845172847232,0.0,0.37893843916629066,0.7994392926459568,0.2010919017288444
0.5811138014527845,0.4545454148760655,0.25114155251141557,0.26130606511780397,0.2,0.38839069316532004,0.46549493206816805,0.1929026387625114
0.5835351089588378,0.909090938843292,0.3127853881278539,0.03515249490777377,0.7000000000000001,0.41190014541933806,0.7487599741211852,0.3075523202911738
0.585956416464891,0.1818181223143256,0.04566210045662101,0.31772964072593973,0.30000000000000004,0.3817256422685773,0.4287254690532336,0.23475887170154686
0.5883777239709443,0.8181818776861292,0.7488584474885844,0.02796562708159369,0.8,0.609428017450341,0.7084321759757586,0.3694267515923567
0.5907990314769975,0.4545454148760655,0.10958904109589042,0.23766901131555368,0.30000000000000004,0.4854580707707328,0.4608583135648132,0.12829845313921745
0.5932203389830508,0.8181818776861292,0.17123287671232879,0.09532427720594962,0.5,0.4909112942317506,0.8045072244985931,0.30209281164695173
0.5956416464891041,0.8181818776861292,0.3744292237442922,0.05668361491093881,0.6000000000000001,0.38839069316532004,0.7461720940264058,0.3002729754322111
0.5980629539951574,0.7272727074382601,0.49543378995433796,0.15958884851182453,0.0,0.3640329617063003,0.8167996549491363,0.14103730664240216
0.6004842615012107,0.36363635371935743,0.4337899543378996,0.15249920190428726,0.0,0.3817256422685773,0.8192797067067659,0.13375796178343952
0.6029055690072639,0.1818181223143256,0.4109589041095891,0.9718672576099759,0.1,0.30731943771206716,0.017576018977706553,0.06733393994540492
0.6053268765133172,0.5454545851239345,0.8949771689497719,0.06208086981313739,0.7000000000000001,0.511633543383482,0.70778520595195,0.20382165605095542
0.6077481840193705,0.27272729256219463,0.723744292237443,0.17573623331765872,0.0,0.2124333494910502,0.6108475307310073,0.05641492265696087
0.6101694915254238,0.1818181223143256,0.13470319634703198,0.010375402047250855,0.9,0.5121182743577606,0.7501617425057248,0.4103730664240218
0.612590799031477,0.0,0.6940639269406393,0.26485815874341223,0.2,0.39469219583133963,0.46042700021553173,0.16651501364877158
0.6150121065375302,0.0,0.025114155251141558,0.04742598926836147,0.5,0.6116093068347368,0.7593271511752846,0.4021838034576888
0.6174334140435835,0.8181818776861292,0.7191780821917809,0.8490274357443697,0.1,0.22879301987399003,0.11915031270200416,0.08917197452229299
0.6198547215496368,0.0,0.33333333333333337,0.04885750016981616,0.1,0.5225399903054608,0.6251886995901259,0.1719745222929936
0.6222760290556901,0.6363636462810973,0.39497716894977175,0.06508493585973574,0.1,0.5203587009210651,0.5797929695922903,0.3303002729754322
0.6246973365617433,0.8181818776861292,0.0,0.04170611770172145,0.6000000000000001,0.5498061076103227,0.7661203364243647,0.5068243858052774
0.6271186440677966,0.4545454148760655,0.4041095890410959,0.12596845172847232,0.0,0.37893843916629066,0.7994392926459568,0.1929026387625114
0.6295399515738499,0.6363636462810973,0.3881278538812786,0.22610919959053055,0.4,0.46849248666990206,0.468729782186756,0.21019108280254778
0.6319612590799032,0.5454545851239345,0.36986301369863017,0.35031011851713606,0.30000000000000004,0.3245273873001224,0.43196031917182154,0.15286624203821653
0.6343825665859564,0.27272729256219463,0.36301369863013705,0.04113794978433874,0.5,0.6054289869123295,0.7542592193228757,0.4131028207461328
0.6368038740920097,0.8181818776861292,0.08904109589041097,0.3285556140082557,0.30000000000000004,0.3746970431411114,0.4238731938753517,0.2192902638762511
0.639225181598063,0.5454545851239345,0.7442922374429225,0.07274562757585183,0.7000000000000001,0.45576829859430745,0.7730213500105947,0.3002729754322111
0.6416464891041163,0.1818181223143256,0.3584474885844749,0.12259751286682999,0.4,0.5670140571983211,0.6589389691609995,0.2775250227479527
0.6440677966101696,0.6363636462810973,0.406392694063927,0.2722189728867981,0.30000000000000004,0.42704798836649616,0.445654518007359,0.14649681528662417
0.6464891041162227,0.1818181223143256,0.7922374429223745,0.07105970181631946,0.5,0.5121182743577606,0.7019624757385827,0.30482256596906276
0.648910411622276,0.8181818776861292,0.3926940639269407,0.05679908927803007,0.5,0.5731943771207284,0.7431529005821176,0.29572338489535943
0.6513317191283293,0.36363635371935743,0.40182648401826493,0.12596845172847232,0.0,0.37893843916629066,0.7994392926459568,0.14012738853503182
0.6537530266343826,0.7272727074382601,0.24657534246575347,0.035454321545507816,0.1,0.5153902084343258,0.6138667241750682,0.9999999999999999
0.6561743341404358,0.27272729256219463,0.4041095890410959,0.06624640844554246,0.8,0.4529810954920208,0.7695708432174797,0.1719745222929936
0.6585956416464891,0.0909090611571628,0.29680365296803657,0.07252508932379287,0.5,0.4008725157538038,0.6883761052404225,0.29936305732484075
0.6610169491525424,0.8181818776861292,0.30136986301369867,0.022699810316993828,0.1,0.5046049442559593,0.6071813672631379,0.19745222929936307
0.6634382566585957,0.5454545851239345,0.6278538812785389,0.05733259168213059,0.7000000000000001,0.49660688317987933,0.7160879879231743,0.3039126478616924
0.6658595641646489,0.0,0.03424657534246576,0.0,0.7000000000000001,0.43201648085317856,0.7277334483501363,0.38307552320291177
0.6682808716707022,0.36363635371935743,0.43607305936073065,0.06770970766908323,0.5,0.2687833252545033,0.7156566745741202,0.24021838034576887
0.6707021791767555,0.8181818776861292,0.4840182648401827,0.33439538401017027,0.30000000000000004,0.3774842462433412,0.41880526202294277,0.18289353958143767
0.6731234866828087,0.0909090611571628,0.0,0.02861840917017388,0.6000000000000001,0.29217159476490906,0.6999137373300073,0.33121019108280253
0.675544794188862,0.8181818776861292,0.059360730593607317,0.2368063180198163,0.30000000000000004,0.46279689772177335,0.4624757386241072,0.2138307552320291
0.6779661016949152,0.6363636462810973,0.05251141552511416,0.024896576732764884,0.6000000000000001,0.4088705768298837,0.7260081949534651,0.34394904458598724
0.6803874092009685,0.7272727074382601,0.10730593607305937,0.0563665360661114,0.9,0.5951284537081847,0.6938753504421129,0.33848953594176523
0.6828087167070218,0.27272729256219463,0.04566210045662101,0.2215770047058597,0.1,0.2318225884634444,0.8137804615053028,0.1637852593266606
0.6852300242130751,0.8181818776861292,0.7648401826484019,0.3024590257964261,0.2,0.6625060591372289,0.48425706275611446,0.14467697907188354
0.6876513317191283,0.27272729256219463,0.34246575342465757,0.05567174079856003,0.7000000000000001,0.42753271934077475,0.7667673064481733,0.2438580527752502
0.6900726392251816,0.5454545851239345,0.6872146118721462,0.10749416174593754,0.30000000000000004,0.5213281628696791,0.6783480698727544,0.4340309372156505
0.6924939467312349,0.27272729256219463,0.13470319634703198,0.010375402047250855,0.9,0.5121182743577606,0.7501617425057248,0.44313011828935395
0.6949152542372882,0.36363635371935743,0.4383561643835617,0.06770970766908323,0.5,0.2687833252545033,0.7156566745741202,0.2302092811646952
0.6973365617433415,1.0,0.37899543378995443,0.04645400911348146,0.6000000000000001,0.5615608337373033,0.7469268923871368,0.3949044585987261
0.6997578692493946,0.7272727074382601,0.31735159817351605,0.04113794978433874,0.5,0.6054289869123295,0.7542592193228757,0.3357597816196542
0.7021791767554479,0.4545454148760655,0.8607305936073061,0.072233240042626,0.0,0.4859428017450682,0.6596937675221852,0.267515923566879
0.7046004842615012,0.1818181223143256,0.07762557077625572,0.005118834060157204,0.7000000000000001,0.30744062045567944,0.6855725684708887,0.4258416742493175
0.7070217917675545,0.4545454148760655,0.39954337899543385,0.05758897107398197,0.5,0.2989578284052641,0.6520379555747695,0.15377616014558687
0.7094430992736077,0.0,0.28767123287671237,0.05567174079856003,0.7000000000000001,0.42753271934077475,0.7667673064481733,0.3175614194722475
0.711864406779661,0.909090938843292,0.6027397260273973,0.048284908184250186,0.6000000000000001,0.575981580223015,0.7318309251670598,0.2775250227479527
0.7142857142857143,0.5454545851239345,0.4155251141552512,0.3335387235346828,0.30000000000000004,0.3746970431411114,0.42042268708200936,0.1292083712465878
0.7167070217917676,0.0909090611571628,0.2853881278538813,0.17341313345834658,0.4,0.723339796413029,0.6580763424626639,0.2411282984531392
0.7191283292978208,0.1818181223143256,0.7968036529680366,0.0840962860634415,0.4,0.46000969461954355,0.7792753935732435,0.19017288444040037
0.7215496368038741,0.7272727074382601,0.3812785388127854,0.6278204687638697,0.0,0.11488124091130203,0.32650420530512747,0.08280254777070063
0.7239709443099274,0.5454545851239345,0.7579908675799089,0.015212508042368147,1.0,0.6023994183228751,0.7230968298467815,0.3503184713375796
0.7263922518159807,0.4545454148760655,0.05707762557077626,0.02055201802663616,0.4,0.4228065923413169,0.7158723312484199,0.26660600545950863
0.728813559322034,0.0909090611571628,0.8675799086757991,0.06781539030484578,0.0,0.48739699466801767,0.6568902307526514,0.2556869881710646
0.7312348668280871,0.909090938843292,0.37671232876712335,0.35031011851713606,0.30000000000000004,0.3245273873001224,0.43196031917182154,0.1419472247497725
0.7336561743341404,0.909090938843292,0.8744292237442922,0.06440076763708613,0.0,0.4791565681047132,0.6545180073321717,0.2802547770700637
0.7360774818401937,0.8181818776861292,0.4566210045662101,0.24791799948166013,0.30000000000000004,0.4138390693165661,0.4652792753934136,0.19836214740673336
0.738498789346247,0.4545454148760655,0.36986301369863017,0.04113794978433874,0.5,0.6054289869123295,0.7542592193228757,0.4313011828935395
0.7409200968523002,0.909090938843292,0.32876712328767127,0.022676823724964677,0.1,0.5043625787688484,0.6066422255769339,0.38762511373976344
0.7433414043583535,0.1818181223143256,0.23515981735159822,0.47280405868841396,0.0,0.2730247212797394,1.0,0.15559599636032756
0.7457627118644068,0.8181818776861292,0.3744292237442922,0.04113794978433874,0.5,0.6054289869123295,0.7542592193228757,0.4131028207461328
0.7481840193704601,0.6363636462810973,0.6917808219178083,0.1920211354876512,0.0,0.2031022782356331,0.6039465171445499,0.10464058234758873
0.7506053268765134,1.0,0.3744292237442922,0.2506120404424925,0.2,0.26502666020360266,0.8433254259218756,0.15559599636032756
0.7530266343825666,0.5454545851239345,0.48630136986301375,0.07957355806593204,0.4,0.5111488124091466,0.6966788872114194,0.3148316651501365
0.7554479418886199,1.0,0.8082191780821918,0.045655511212711095,0.9,0.4682501211827912,0.7241751132196441,0.6405823475887169
0.7578692493946732,0.7272727074382601,0.18949771689497721,0.012595795462123745,0.5,0.4201405719825857,0.7239594565451171,0.32029117379435845
0.7602905569007264,0.6363636462810973,0.08447488584474887,0.08578649667222829,0.6000000000000001,0.48400387784784016,0.7945870174680749,0.3093721565059145
0.7627118644067796,0.4545454148760655,0.35616438356164387,0.26807813787987794,0.2,0.6196073679108736,0.4808065559627721,0.1792538671519563
0.7651331719128329,0.6363636462810973,0.30365296803652975,0.03515249490777377,0.7000000000000001,0.41190014541933806,0.7487599741211852,0.3130118289353958
0.7675544794188862,0.0909090611571628,0.35616438356164387,0.1128267417213031,0.2,0.55598642753273,0.6575372007762326,0.27206551410373064
0.7699757869249395,0.7272727074382601,0.16210045662100458,0.055095838496241535,1.0,0.6223945710131034,0.6910718136725791,0.38398544131028206
0.7723970944309928,0.6363636462810973,0.7899543378995435,0.03856294100766809,0.5,0.2853853611246109,0.7029329307740682,0.17561419472247497
0.774818401937046,0.0909090611571628,0.3082191780821918,0.6456612198075445,0.0,0.08216190014542235,0.3267198619796545,0.10009099181073704
0.7772397094430993,0.27272729256219463,0.3858447488584475,0.14561785775184052,0.4,0.6865002423655255,0.653224067284782,0.27388535031847133
0.7796610169491526,0.36363635371935743,0.2945205479452055,0.0253841678278866,0.1,0.5066650508967996,0.606857882251461,0.23202911737943588
0.7820823244552059,0.8181818776861292,0.6529680365296805,0.026877136152041032,0.6000000000000001,0.536112457586114,0.763748113003885,0.3175614194722475
0.784503631961259,0.0,0.28310502283105027,0.26130606511780397,0.2,0.38839069316532004,0.46549493206816805,0.2156505914467698
0.7869249394673123,0.4545454148760655,0.8356164383561645,0.07199729489577496,0.8,0.46146388754243617,0.7700021565665338,0.2775250227479527
0.7893462469733656,0.909090938843292,0.09360730593607305,0.005118834060157204,0.7000000000000001,0.30744062045567944,0.6855725684708887,0.4959053685168335
0.7917675544794189,0.8181818776861292,0.07990867579908677,0.11353378825459276,0.30000000000000004,0.524842462433412,0.8214362734527185,0.264786169244768
0.7941888619854721,0.1818181223143256,0.36301369863013705,0.22806073959752762,0.30000000000000004,0.46000969461954355,0.4682984688374745,0.14558689717925388
0.7966101694915254,0.36363635371935743,0.31050228310502287,0.6456612198075445,0.0,0.08216190014542235,0.3267198619796545,0.10555050045495905
0.7990314769975787,0.4545454148760655,0.7305936073059361,0.17532213434819685,0.0,0.20940378090159584,0.6138667241750682,0.047315741583257506
0.801452784503632,0.7272727074382601,0.5844748858447489,0.6955234072992571,0.0,0.19619486185172264,0.24088850549924246,0.07279344858962693
0.8038740920096853,0.5454545851239345,0.908675799086758,0.09193562660280433,0.2,0.5295685894329267,0.6601250808712393,0.29117379435850776
0.8062953995157385,0.0909090611571628,0.17808219178082194,0.012595795462123745,0.5,0.4201405719825857,0.7239594565451171,0.2802547770700637
0.8087167070217918,0.27272729256219463,0.6849315068493151,0.15313434959521385,0.5,0.7027387300049099,0.6585076558119454,0.13830755232029118
0.8111380145278451,1.0,0.6232876712328768,0.04860577687769613,0.6000000000000001,0.3906931652933281,0.7235281431958356,0.2629663330300273
0.8135593220338984,0.1818181223143256,0.11643835616438357,0.28522093802694753,0.2,0.6301502666020724,0.47390554237654214,0.25477707006369427
0.8159806295399515,0.1818181223143256,0.7146118721461188,0.0893286748163489,0.5,0.44401357246732687,0.7869312055206592,0.2120109190172884
0.8184019370460048,0.27272729256219463,0.7191780821917809,0.03632116047157077,0.9,0.44352884149299143,0.7524261375888273,0.26114649681528657
0.8208232445520581,0.7272727074382601,0.03881278538812786,0.04742598926836147,0.5,0.6116093068347368,0.7593271511752846,0.38944494995450407
0.8232445520581114,0.7272727074382601,0.767123287671233,0.03828623565220548,0.0,0.4936984973339804,0.6374811300408965,0.3212010919017288
0.8256658595641647,0.36363635371935743,0.29680365296803657,0.11240962634171624,0.2,0.5046049442559593,0.8192797067067659,0.267515923566879
0.8280871670702179,0.0,0.13013698630136988,0.010375402047250855,0.9,0.5121182743577606,0.7501617425057248,0.4176524112829845
0.8305084745762712,0.36363635371935743,0.7648401826484019,0.08351628453710702,0.8,0.6078526417838361,0.6732801380203455,0.3548680618744313
0.8329297820823245,0.909090938843292,0.7899543378995435,0.4736208097376328,0.0,0.7989578284052641,0.45255553159358897,0.30573248407643316
0.8353510895883778,0.0,0.0,0.025066640388732908,0.0,0.4729762481823059,0.6272374379987014,0.27570518653321197
0.837772397094431,0.8181818776861292,0.30136986301369867,0.26130606511780397,0.2,0.38839069316532004,0.46549493206816805,0.21110100090991812
0.8401937046004843,1.0,0.3972602739726028,1.0000000000000002,0.1,0.3044110518662819,0.0,0.03275705186533212
0.8426150121065376,0.1818181223143256,0.10502283105022832,0.0365492784208668,0.6000000000000001,0.5305380513815408,0.7723743799870135,0.4194722474977252
0.8450363196125908,0.0909090611571628,0.17808219178082194,0.012595795462123745,0.5,0.4201405719825857,0.7239594565451171,0.35850773430391264
0.847457627118644,0.36363635371935743,0.30136986301369867,0.07252508932379287,0.5,0.4008725157538038,0.6883761052404225,0.3157415832575068
0.8498789346246973,0.1818181223143256,0.09132420091324202,0.33364004397734154,0.30000000000000004,0.3777266117305089,0.4192365753719969,0.1910828025477707
0.8523002421307506,0.1818181223143256,0.4200913242009133,0.41016652353517036,0.30000000000000004,0.35579253514305265,0.37459564373511967,0.1646951774340309
0.8547215496368039,0.909090938843292,0.09360730593607305,0.3285556140082557,0.30000000000000004,0.3746970431411114,0.4238731938753517,0.2156505914467698
0.8571428571428572,0.8181818776861292,0.2785388127853881,0.20677973413441597,0.1,0.24200193892392008,0.8075264179424266,0.20473157415832577
0.8595641646489104,0.6363636462810973,0.08675799086757992,0.05576175357044268,0.5,0.5911294231701731,0.7588958378260031,0.48316651501364877
0.8619854721549637,0.1818181223143256,0.23515981735159822,0.029091258527607987,0.1,0.5101793504605325,0.6087987923224318,0.3430391264786169
0.864406779661017,0.8181818776861292,0.0,0.048817126680451364,0.9,0.4418322830829311,0.7612680612462555,0.3393994540491356
0.8668280871670703,0.5454545851239345,0.025114155251141558,0.02632810310298945,0.6000000000000001,0.4076587493941588,0.7263316799653694,0.34121929026387626
0.8692493946731235,0.909090938843292,0.1278538812785388,0.36902454568315707,0.0,0.2784779447407004,0.9285098123787066,0.15559599636032756
0.8716707021791767,0.0,0.7511415525114156,0.009887541795533382,1.0,0.6171837130393101,0.7191071813672352,0.359417652411283
0.87409200968523,0.4545454148760655,0.9452054794520549,0.03988191660830712,0.8,0.5014541929229495,0.7267629933146509,0.5068243858052774
0.8765133171912833,0.8181818776861292,0.39041095890410965,0.14602784202851657,0.4,0.6865002423655255,0.6529005822728777,0.2948134667879891
0.8789346246973366,0.909090938843292,0.7374429223744292,0.013390178670108274,1.0,0.6028841492971537,0.7260081949534651,0.367606915377616
0.8813559322033898,0.8181818776861292,0.8059360730593608,0.09138277276759448,0.7000000000000001,0.5702859912748863,0.6807202932930068,0.23202911737943588
0.8837772397094431,0.27272729256219463,0.39497716894977175,0.34619867417297184,0.4,0.3605186621425105,0.41718783696342143,0.19927206551410376
0.8861985472154964,0.0909090611571628,0.32420091324200917,0.27505965778601293,0.1,0.23582161900151277,0.8519516929047768,0.1565059144676979
0.8886198547215497,0.1818181223143256,0.34246575342465757,0.2792014209191254,0.2,0.39469219583133963,0.4505067931852409,0.12101910828025476
0.8910411622276029,0.8181818776861292,0.4155251141552512,0.05065537341690908,0.1,0.5255695588948583,0.6217381927970109,0.32302092811646954
0.8934624697336562,0.0,0.4611872146118722,0.33439538401017027,0.30000000000000004,0.3774842462433412,0.41880526202294277,0.13830755232029118
0.8958837772397095,0.0909090611571628,0.36301369863013705,0.04113794978433874,0.5,0.6054289869123295,0.7542592193228757,0.31392174704276615
0.8983050847457628,0.909090938843292,0.09360730593607305,0.04478417087461551,0.5,0.28889966068834383,0.7119905111062508,0.4012738853503185
0.9007263922518159,0.36363635371935743,0.7739726027397261,0.020762547984588205,0.7000000000000001,0.41456616577806926,0.7378693120551816,0.30846223839854414
0.9031476997578692,0.4545454148760655,0.0,0.038769619241922126,0.1,0.5178138633058893,0.6152684925598351,0.40582347588717016
0.9055690072639225,0.6363636462810973,0.12328767123287673,0.05679908927803007,0.5,0.5731943771207284,0.7431529005821176,0.381255686988171
0.9079903147699758,0.6363636462810973,0.49543378995433796,0.17550946115134156,0.0,0.358458555501727,0.8257494069441691,0.14740673339399452
0.9104116222760291,0.8181818776861292,0.3356164383561644,0.2620115957116462,0.2,0.3926320891904993,0.46323053698506556,0.2083712465878071
0.9128329297820823,0.7272727074382601,0.08904109589041097,0.0040649158312675,0.8,0.31858943286476915,0.6904248436487705,0.4476797088262056
0.9152542372881356,0.7272727074382601,0.8515981735159818,0.08732195770721993,0.8,0.4689772176442375,0.7850981237868382,0.2711555959963603
0.9176755447941889,0.7272727074382601,0.0,0.04170611770172145,0.6000000000000001,0.5498061076103227,0.7661203364243647,0.565059144676979
0.9200968523002422,0.7272727074382601,0.3219178082191781,0.04113794978433874,0.5,0.6054289869123295,0.7542592193228757,0.41583257506824384
0.9225181598062954,0.8181818776861292,0.18264840182648404,0.016886337223860955,0.9,0.6169413475521424,0.7146862195384074,0.3612374886260236
0.9249394673123487,0.36363635371935743,0.37214611872146125,0.5423630949206908,0.0,0.0,0.4576234634459979,0.19745222929936307
0.927360774818402,0.0,0.6643835616438357,0.0746726341138326,0.4,0.5620455647115818,0.7047660125078892,0.29754322111010006
0.9297820823244553,0.0909090611571628,0.36757990867579915,0.6254339469480842,0.0,0.13208919049930046,0.3222989001510541,0.04822565969062785
0.9322033898305085,0.36363635371935743,0.41780821917808225,0.009204473402421646,1.0,0.6171837130393101,0.7195384947162893,0.3548680618744313
0.9346246973365617,0.1818181223143256,0.0,0.025066640388732908,0.0,0.4729762481823059,0.6272374379987014,0.4340309372156505
0.937046004842615,0.6363636462810973,0.36986301369863017,0.32177704436283566,0.30000000000000004,0.3435530780417366,0.44306663791235223,0.1637852593266606
0.9394673123486683,0.909090938843292,0.23744292237442927,0.34473006916136517,0.4,0.33325254483764866,0.4313133491482404,0.1792538671519563
0.9418886198547216,0.6363636462810973,0.9337899543378996,0.015310843012441705,0.8,0.43007755695589367,0.7415354755228236,0.5468607825295723
0.9443099273607748,0.909090938843292,0.7488584474885844,0.05482864643424993,0.9,0.47794474066893144,0.7544748759971753,0.2820746132848044
0.9467312348668281,1.0,0.14155251141552513,0.29643827118701416,0.1,0.2360639844886805,0.8662928617641228,0.2156505914467698
0.9491525423728814,0.4545454148760655,0.9748858447488586,0.06503367235638136,0.6000000000000001,0.5719825496849467,0.7031485874488226,0.25204731574158323
0.9515738498789347,0.36363635371935743,0.3858447488584475,0.14602784202851657,0.4,0.6865002423655255,0.6529005822728777,0.29754322111010006
0.953995157384988,0.909090938843292,0.7442922374429225,0.6362132045453879,0.1,0.2832040717402151,0.2455251240025973,0.15559599636032756
0.9564164648910412,0.27272729256219463,0.4840182648401827,0.07566794117367895,0.4,0.5081192438196922,0.6996980806554802,0.3175614194722475
0.9588377723970944,0.0,0.8470319634703197,0.1384846046820353,0.1,0.48364032961706016,0.8313564804830094,0.2211101000909918
0.9612590799031477,0.8181818776861292,0.2990867579908676,0.17656907188754398,0.4,0.7209161415414655,0.6526849255983507,0.22383985441310283
0.963680387409201,0.8181818776861292,0.3356164383561644,0.2620115957116462,0.2,0.3926320891904993,0.46323053698506556,0.14012738853503182
0.9661016949152542,0.27272729256219463,0.2899543378995434,0.022699810316993828,0.1,0.5046049442559593,0.6071813672631379,0.27024567788898995
0.9685230024213075,0.6363636462810973,0.6118721461187215,0.07105970181631946,0.5,0.5121182743577606,0.7019624757385827,0.2538671519563239
0.9709443099273608,0.4545454148760655,0.17351598173515984,0.3328333476285393,0.30000000000000004,0.3754241396025577,0.4206383437567638,0.18289353958143767
0.9733656174334141,0.1818181223143256,0.2899543378995434,0.0253841678278866,0.1,0.5066650508967996,0.606857882251461,0.19017288444040037
0.9757869249394673,0.0,0.7054794520547946,0.02143339759637839,0.9,0.6236063984488851,0.7130687944791134,0.2920837124658781
0.9782082324455206,0.7272727074382601,0.3744292237442922,0.04113794978433874,0.5,0.6054289869123295,0.7542592193228757,0.30573248407643316
0.9806295399515739,0.0,0.5251141552511416,0.016646200040374724,0.6000000000000001,0.2976248182259269,0.6913952986844834,0.26933575978161967
0.9830508474576272,0.5454545851239345,0.04337899543378996,0.05394822592823974,0.7000000000000001,0.4951526902569867,0.7195384947162893,0.29936305732484075
0.9854721549636805,0.36363635371935743,0.11872146118721463,0.36902454568315707,0.0,0.2784779447407004,0.9285098123787066,0.13375796178343952
0.9878934624697336,0.8181818776861292,0.42237442922374435,0.3329437946454223,0.30000000000000004,0.3784537081920121,0.41945223204652393,0.18653321201091905
0.9903147699757869,0.36363635371935743,0.3127853881278539,0.6278204687638697,0.0,0.11488124091130203,0.32650420530512747,0.07097361237488627
0.9927360774818402,0.0,0.1278538812785388,0.010375402047250855,0.9,0.5121182743577606,0.7501617425057248,0.38580527752502275
0.9951573849878935,0.6363636462810973,0.4292237442922375,0.0568611499827548,0.7000000000000001,0.5714978187106681,0.7152253612248387,0.3002729754322111
0.9975786924939467,0.36363635371935743,0.18493150684931509,0.012595795462123745,0.5,0.4201405719825857,0.7239594565451171,0.40855323020928114
1.0,0.909090938843292,0.14840182648401828,0.010375402047250855,0.9,0.5121182743577606,0.7501617425057248,0.5122838944494994
